{"IcoMoonType":"selection","icons":[{"icon":{"paths":["M512 1024c282.77 0 512-229.23 512-512s-229.23-512-512-512v0c-282.77 0-512 229.23-512 512s229.23 512 512 512v0zM738 418l-256 256c-18.8 18.8-49.2 18.8-67.8 0l-128-128c-18.8-18.8-18.8-49.2 0-67.8s49.2-18.8 67.8 0l94 94 222-222.2c18.8-18.8 49.2-18.8 67.8 0s18.8 49.2 0 67.8z"],"attrs":[{}],"isMulticolor":false,"isMulticolor2":false,"grid":0,"tags":["check-solid"]},"attrs":[{}],"properties":{"order":3,"id":1,"name":"check-solid","prevSize":32,"code":59648},"setIdx":0,"setId":2,"iconIdx":0},{"icon":{"paths":["M512 1024c282.77 0 512-229.23 512-512s-229.23-512-512-512v0c-282.77 0-512 229.23-512 512s229.23 512 512 512v0zM350 350c18.8-18.8 49.2-18.8 67.8 0l94 94 94-94c18.8-18.8 49.2-18.8 67.8 0s18.8 49.2 0 67.8l-94 94 94 94c18.8 18.8 18.8 49.2 0 67.8s-49.2 18.8-67.8 0l-94-94-94 94c-18.8 18.8-49.2 18.8-67.8 0s-18.8-49.2 0-67.8l94-94-94-94c-18.8-18.8-18.8-49.2 0-67.8z"],"attrs":[{}],"isMulticolor":false,"isMulticolor2":false,"grid":0,"tags":["circle-xmark-solid"]},"attrs":[{}],"properties":{"order":2,"id":0,"name":"circle-xmark-solid","prevSize":32,"code":59649},"setIdx":0,"setId":2,"iconIdx":1}],"height":1024,"metadata":{"name":"sharif"},"preferences":{"showGlyphs":true,"showQuickUse":true,"showQuickUse2":true,"showSVGs":true,"fontPref":{"prefix":"sharif-","metadata":{"fontFamily":"sharif","majorVersion":1,"minorVersion":0},"metrics":{"emSize":1024,"baseline":6.25,"whitespace":50},"embed":false},"imagePref":{"prefix":"icon-","png":true,"useClassSelector":true,"color":0,"bgColor":16777215,"classSelector":".icon","name":"icomoon"},"historySize":50,"showCodes":true,"gridSize":16}}